{
  "name"           : "redis-instance",
  "memory_size_gb" : "1",
  "credentials" : "/home/bmurali/matilda-demo-90cac5e51dee.json",                                                                                                                                                                                                                                                                                                     
  "region"          : "us-central1",
  "timeouts": { 
  "create": "30m",
  "update": "30m",
  "delete": "30m"
}
}